156493	do goldfish grow	how big can goldfish grow	how to grow goldfish faster	how fast do baby goldfish grow	what is a goldfish	where do goldfish eat	how large does goldfish get	what s the goldfish	how long dose it take a lionhead goldfish to grow	how big can my goldfish get	how big do shubunkin goldfish grow
1110199	what is wifi vs bluetooth	is bluetooth wifi	what is wifi bluetooth combo	what is a wifi bluetooth dongle	what is difference between wifi and wireless	what is bluetooth	what is a bluetooth	what is wifi	bluetooth definition	what is the wifi	what is bluetooth technology
1063750	why did the us volunterilay enter ww1	what was the effect of the u s entry into ww1	what year did the us enter ww1	what two events was the reasons why the united states entered ww1	what event happened that sent the us into ww1	when and why did the us join ww1	why did the us enter ww1 apush	what were the event that led us into ww1	when did the us enter ww2	why did the united states entered ww1 in 1917	when did the united states enter world war i what was the significance of
130510	definition declaratory judgment	declaratory act definition	what is the declaratory act	what is the meaning of the word judgment	is declaratory judgment regarding guaranty agreement an advisory opinion	definition of judgmental	define judgmental	what was real message behind declaratory act	when was the declaratory act passed	passing judgement definition	what is another word for judgement
489204	right pelvic pain causes	what cause throbbing pain in the right side of pelvic area	what cause pelvic pain	causes of pelvic pain	what reason cause pelvic pain	what can cause extremely bad pelvic pain	what causes pelvic floor pain	can a ventral cause pelvic pain	can ibs cause recurring right pelvic pain	what could cause right abdominal pain in a female	what causes right side pain
573724	what are the social determinants of health	another term for social determinants of health	what are the determinants of health	cms definition of social determinants of health	what is a determinant of health	why is personal health behaviour major health determinants	how does social environment have an impact on our health	definition of social health	discuss how social policy influences health	what is social and emotional health	disadvantages of bad health
168216	does legionella pneumophila cause pneumonia	legionella pneumophila causes what disease	incubation period legionella pneumophila	legionella bacteria can cause what type of illnesses	bacteria that cause legionnaires disease	what is the name of the bacteria that causes pneumonia	what is legionella	what constitutes an outbreak of legionellosis	causes of legionnaires disease	is legionella intracellular	what causes bacterial pneumonia
1133167	how is the weather in jamaica	how is the weather in jamaica in	what is the weather like in jamaica	weather in jamaica	what is the weather like in jamaica now	what are the temperatures like in jamaica	what is the average temperature in jamaica	weather rainfall in jamaica	weather conditions in kingston jamaica	weather in jamaica new york fahrenheit	weather in jamaica year round
527433	types of dysarthria from cerebral palsy	type of dysarthria in pls	types of dysarthria right stroke	how common is dysarthria	dysarthria definition medical	types of dysarthria myasthenia gravis	what causes dysarthria	define dysarthria	what subsystems are affected by ataxic dysarthria	three main types of cerebral palsy	is there a type of cerebral palsy
1037798	who is robert gray	who is rob grey	who is ken gray	who is john gray author	who is henry grey	what is john gray	who is leon grey	who is pastor john gray	who is roderick gray	what did paul gray die from	what is a grey
915593	what types of food can you cook sous vide	which vegetable is great for sous vide	what does sous vide mean	souse meat ingredients	is souse meat healthy	what is a sous vide cooker circulator	sous vide eggs defined	is a sous vide an electrical device	what s the average salary for a sous chef	what can i cook with what i have	how long does it take to sous vide a steak
264014	how long is life cycle of flea	how long is a flea life cycle	what is the life cycle of fleas	is the life cycle of a flea	how long does flea live	how long do flea pupae live	how many stages of life does a flea have	how long can fleas live on humans	how long can fleas live off of a host	how long do flea eggs hatch	how long can fleas live in the carpet
1121402	what can contour plowing reduce	what does contour plowing produce	contour plowing definition	benefits of plowing	what is the plowing method	types of plowing	how does plowing damage soil	plowing meaning	what does ploughing involve	how to plough a field	ways to lower pond for dredging
962179	when was the salvation army founded	where was the salvation army established	what do the salvation army do	how is the salvation army funded	where is salvation army drop off	how many salvation army stores	salvation army donation phone number	salvation army employee benefits	what are the benefits to the community the organization provide salvation army	how much salvation army gross last year	how well does salvation army use money
1117099	what is a active margin	what is the difference between an active continental margin and a passive continental margin	what is margin	what is the difference between a passive continental margin and an active continental margin	define direct margin	thinking on the margin definition	define operating margin	operating margin definition	what is a margin on a document	define the term at the margin	how do you calculate direct margin
148538	difference between rn and bsn	what is the difference between a bsn and rn	what s the difference between an rn and a bsn	comparing rn and bsn what s the difference	what is an rn to bsn program	what is nursing rn bsn	difference in salary rn and bsn	what is rn bsn med	why rn to bsn is important	rn or bsn salary difference	does rn go before bsn
451602	medicare s definition of mechanical ventilation	what is ventilation medical term	cms definition of mechanical ventilation	what is a mechanical ventilation system	who needs mechanical ventilation	flow in mechanical ventilation definition	what is the definition of ventilation	definition medicare	what is medicare and medical	are mechanical ventilation patients conscious	is medicare a for hospital
359349	how to find the midsegment of a trapezoid	how to to find the perimeter of a trapezoid	what is the area of the trapezoid	height of trapezoid without area	median of a trapezoid definition geometry	how to find area of a trapezoid	what is the shape of a trapezoid	where do you find the trapezius	how to find midsegment	trapezoid definition math	how do you find the angles of an isosceles trapezoid
1115776	what is an aml surveillance analyst	what is the role of a aml analyst	what is aml medical	what does aml stand for medical	what does aml stand for in accounting	what is an is analyst	meaning aml manufacturing	amzl tracking number	amzl tracking by tracking number	what does amla do	what is isl stands for
1112341	what is the daily life of thai people	what is thai	how many days should i stay in thailand	what is in bangkok thailand	what is thailand business culture like	what language does thailand people speak	what s the weather like in thailand	what is the thailand land like	what was thailand formerly known as	what is the current population in thailand	how long can a uk citizen stay in thailand
131843	definition of a sigmet	define sigmet	what is a sigmoid	what is sigmoidoscopy	sive definition	what is sigmoiditis	definition si	what is sigmoid colon	which is further sigmoid or transverse	what is a sigmoidectomy surgery	what is sigtrack
104861	cost of interior concrete flooring	concrete flooring cost	how much should it cost for a concrete floor	cost of concrete floors	cost of installing concrete floor	price on concrete floor	cost of concrete flooring in homes	concrete floor kitchen cost	how much to do concrete floor	cost of concrete floors in homes	cost of finished concrete floors
833860	what is the most popular food in switzerland	what kind of food is in switzerland	foods that are specific to switzerland	what is switzerland s food style	what is switzerland well known for	what is switzerland known for	top places to visit in switzerland	what are the swiss known for	what is switzerland like	what s in switzerland	what are the common languages spoken in switzerland
207786	how are some sharks warm blooded	are seahorses warm or cold blooded	are tigers cold blooded or warm blooded	how do warm blooded animals generate heat	are humans warm blooded or cold blooded	are ostrich cold blooded or warm blooded	what makes a person warm blooded	are snakes warm blooded or cold blooded	what does it mean what an animal is cold blooded	are toucans warm blooded	how can sharks detect blood
1114819	what is durable medical equipment consist of	what is durable medical equipment	what does the term durable medical equipment mean	types of durable medical equipment	what is a durable medical equipment providers	what does a durable medical equipment business sell for	which durable medical equipment company	what is reusable medical equipment	what is medical equipment maintenance	is cpap durable medical equipment or speciality	are splints durable medical equipment
183378	exons definition biology	definition of exon	define dna exon	what is the process of exon	define exciton	what are introns and exons	what is exciton	what is the difference between introns and exons	eon definition	eon define	what is a eon
1106007	define visceral	what does visceral mean	visceral definition and sentence	definition viscera	meaning of viscera	anatomical definition for visceral	what is viscera	what is visceral function mean	definition of visceral muscle	what is visceral disease	what layer is visceral what does the word visceral mean
1124210	tracheids are part of	relation of trachea	what tissues do tracheids have	the trachea is made up of what tissue	the lungs trachea is what part of the organ	what is the structure and function of the trachea	is a trachea an organ	the point at which the trachea divides is known as the	the lungs and trachea are part of what system	what type of epithelium is in trachea	how does a trachea work
490595	rsa definition key	define rsa	what is rsa	what is rsa	what is rsa algorithm	what mean key	definition of a key	what is the rsa algorithm	what is a key in cryptography	what does rsa mean for medicaid	what is rs
1103812	who formed the commonwealth of independent states	which state was an independent republic	which states are a commonwealth	which state was once an independent country quizlet	why are some states a commonwealth	which of the following is a provision of the commonwealth agreement signed by the commonwealth of independent states	what is state commonwealth	why are some states referred to as commonwealths	which colonial tradition did newly independent states carry forward	explain what a commonwealth state means	why did the colonies declare independence
87181	causes of left ventricular hypertrophy	causes of right ventricular hypertrophy	what is the cause of ventricular hypertrophy	causes of bilateral ventricular hypertrophy	cardiac hypertrophy causes what heart problems	what portion of the heart would pulmonary ventricular hypertrophy affect	which factor is responsible for the hypertrophy of the myocardium associated with hypertension	what are the causes of right ventricular delay	what specific gene causes hypertrophic cardiomyopathy	causes of left ventricular enlargement	what causes ventricular pacemaker
443396	lps laws definition	what is lps	what is lps stand for	what is lps currency	what is meant by lpp	what does lpc mean in insurance terms	what is lp gas	what is a lpg system	what is an lpa	what are lp inv	what is lpc exempt
1121709	what are the three percenters	three percenter definition	what is a third	what is 12 3 8 as a percent	what percent of is	percent definition math	is what percent of	percentage is of	what nba team has the highest percentage for threes	how to express a percentage as most or majority	what are trios
87452	causes of military suicide	military suicide statistics 2015	what cause suicide	army acronym for suicide	state trooper commits suicide while on duty	causes of depression and suicide	causes of child suicide	during a military action what is the leading cause of preventable death	most common reasons for teenage suicides	what is the suicide rate of veterans	number of military deaths per year
855410	what is theraderm used for	what is used for	what is a balustrade	what do you use thermoflex plus for	what is the purpose of the temp	what is a civicrm used for	what is a heating pad used for	what do you use a heat flare for	what is basal thermometer	examples of what a temperature probe is used for	what is heat shock used for
1114646	what is famvir prescribed for	what is efavirenz prescribed for	what is fluvirin	what is the medication norvir used for	what is retroviral meds used for	what is famciclovir used for	what type of medicine treats viruses	what disease is vimizim used for	what does antiviral medication do	does viral medication treat virus	what is famotidine medication used for
19335	anthropological definition of environment	what is a environment definition	what is a environment	definition of natural environment	definition environment	what is another word for environment	another word of environment	cultural environment definition geography	define geographical environment	ecological meaning	definition of environmental biology
47923	axon terminals or synaptic knob definition	axon terminal definition	medical definition of synaptic knob	what isthe junction between an axon terminal and the next neuron	what is a synapse between an axon terminal and muscle fiber	what is secreted by axon terminal of nerve	nervous system axon definition	nerve axon definition	what is the electrical signal that typically moves from the cell body down the axon to the axon terminals	is the electrical signal that typically moves from the cell body down the axon to the axon terminals	what is a nerve axon
405717	is cdg airport in main paris	which airport has the code cdg	cost of taxi from cdg to central paris	which airport in paris is closest to the city	where is pdg airport	what terminal at cdg airport does american airlines use	what airline is cdg	cdgval airport shuttle	how far from paris train station to paris airport	what paris airport is closer to eiffel tower	what s the airport name in france
182539	example of monotonic function	example of strictly concave function	how do you find the increasing and decreasing intervals of a function	what is a monotonic read	define hypertonicity	examples of derivatives of functions	define monotonous	what is an example of function notation	what does it mean if your monotone	which of the following best represents an isotonic exercise	function opposite to root
1113437	what is physical description of spruce	define a spruce	what is spruce	spruce scientific name	what color is a spruce trees	difference between spruce and fir trees	characteristics of evergreen trees	are spruce plants vascular	what does white spruce weigh	spruce trees are most likely to be located at what altitude	do spruce trees shed
1129237	hydrogen is a liquid below what temperature	what is the temperature of liquid hydrogen	what is hydrogen at room temp	hydrogen is it a solid liquid or gas	define liquid metallic hydrogen	define hydrogen	is what temperature is water a liquid	what physical property of hydrogen lets it be collected	hydrogen what it is and does	how many one degree hydrogens	what does hydrogen mean
146187	difference between a mcdouble and a double cheeseburger	how much fat is in a mc double cheeseburger	how many carbs in a double cheeseburger from mcdees	what kind of cheese does mcdonalds use	mcdonald s triple cheeseburger price	mcdonalds calories cheeseburger	mcdonalds calories cheeseburgers	what type of cheese was on a mcdlt	calories in mcdonald s cheeseburger	calories mcdonald s cheeseburger	how many calories cheeseburger mcdonalds
1030303	who is aziz hashim	who is aziz s wife	meaning of allah s name aziz	which nation was unified by abd al aziz	how many children has nazri aziz	how old is aziz ansari	shahbaz sharif	what is karim rashid known for	hussain mahmood	who is mohamed farmajo	who is maajid nawaz
1037496	who is rep scalise	who is scalise	what political party does senator scalise belong to	what legislation is steve scalise working on	when is scalise up for reelection	what are reps	who is on the supreme court justice	what is reps	is paul ryan leader of the rep establishment	how many are in the house of rep are there	how many members are in the us house of reps
1043135	who killed nicholas ii of russia	who is czar nicholas ii	what reason did yurovsky give nicholas ii for his pending execution	characteristics of nicholas ii	where was czar nicholas when he abdicated	when was nicholas born	things that tsar nicholas ii did	the meaning of the name nicholas	when was the tsardom of russia found	nicholas name meaning	who was named the first czar of russia
1051399	who sings monk theme song	who sings the the theme song for the tv show monk	who sang and wrote theme song for tv show monk	which song was written by the members of the monkees	what songs did the monkees actually sing	who plays monk on tv	what network was monk on before the reruns	how many episodes of the monkees	who are the remaining monkees	who played monk in the series	definition of monk
1064670	why do hunters pattern their shotguns	what is the purpose of a plug in a shotgun	what does a choke do on a shotgun	what holds the barrels on a muzzle loading shotgun	what is a muzzle for	shotgun barrel length	why do bow hunters aim for the spine	best guns to use for deer hunting	how did the menendez brothers know how to operate the shotguns	why were handguns invented	what does muzzles mean
1071750	why is pete rose banned from hall of fame	why is pete rose banned from mlb	how long did pete rose play	when was pete rose born	how old is pete rose	did pete rose throw games	who made hall of fame	is roger maris in the baseball hall of fame	what number draft pick was pete rose	where does pete rose do autographs	was dennis rodman in the hall of fame
1105792	define geon	what is the meaning of geo	where was geo	geographical definition	what is a geographical place	what is a gabion in geography	what are geode	what is the geo group	what is vpn	what is vpn	what are geographics
1106979	define pareto chart in statistics	what is a pareto chart in excel	chart meaning	types of statistical charts	what is a type of chart used to compare data	what is a graphing utility	what is consumer confidence index chart	what is a chartfield	what is a histogram chart	what is the key idea of the pareto principle	what are economist graphs
1108651	what the best way to get clothes white	how to whiten your white clothes	how to take stains out of white clothes	how to wash whites and colors together	colors that look good on clothes	how to whiten white elastic	how to wash color combination clothes	what temperature should you clean white clothes with	what whitening strips work best	how to naturally whiten stains	when can you wear white pants
1109707	what medium do radio waves travel through	how do radio waves travel	how fast radio waves travel	absorb radio waves	if sound can t travel through space how can radio waves	are radio waves light waves	different types of radio waves	what is the means of transmitting and receiving radio waves	do radio waves travel at the speed of light	what is the wave of a radio wave	are radio waves everywhere
1110678	what is the un fao	who is the fao	what is united nations organisation	what is the united nations organisation	who is the uns	who is the united nations	what was the united nations	origin of un	what does fa stand for	what is the main function of uno	what does un do in the military
1113256	what is reba mcentire s net worth	who is reba mcentire	where was reba mcentire born	how many tv shows has reba mcentire starred in	how tall is reba mcentire	how old is reba mci	did reba mcentire adimmted to selling her soul to the devil	cortana how old is reba mcentire	where is reba from	cost of rebac	what is ree drummond net worth
1115210	what is chaff and flare	define flare	flare definition	flare meaning	what are flares in relation to sle	what do you use a heat flare for	what is fluff mud	what is a flare pen	what is a quiff	what is chamoy	what is a chablis
1116380	what is a nonconformity earth science	what is a nonconformity	what does nonmetals mean in science	what is a nonmetal	what is earth science	nonconformists definition	what does nonionic mean	what is the term for non scientific observation	what is nonconformity in transcendentalism	nonmetal definition chemistry	definition nonmetal
1121353	what can you do about discrimination in the workplace in oklahoma city	what employers do to to prevent discrimination	how to report workplace discrimination	how to protect someone from employment discrimination	how to file workplace discrimination	what is employment discrimination	how does discrimination affect work	definition of employment discrimination	what would be agency procedure to handle discrimination complaint	age discrimination in the workplace	education defense for discrimination
1122767	what amino produces carnitine	is l carnitine amino acid	which amino acids make up carnosine	what is carnitine used for	what produces amino acids	what to use carnitine in	does amino energy have creatine	what process produces amino acids	what are aminos	what is carnita meat	who makes carnivor protein
1127540	meaning of shebang	what is a shebang	what is gobang mean	headbanging meaning	what is the bigbang theory	definition of helot	definition sheek	sheik definition	what is herping	what does sherm mean	definition of hertz
1131069	how many sons robert kraft has	how old are robert kraft s children	rob kraft net worth	how old is bob kraft	who is the ceo of kraft	daniel kraft net worth	who is kurt angle son	how many children does jeffrey dean morgan have	how many kids does nick lachey have	who started kraft foods	who were abraham lincoln s sons
1132532	average annual income data analyst	average wage data analyst	credit analyst average income	what is the annual average income for a data processor	average annual income	average salary for data analyst in u s	average gross annual income	average us annual income by year	how much does data analyst make	average income per employee	average american yearly income
1133579	how does granulation tissue start	when does granulation tissue start forming	what forms after granulation tissue	what does granulation tissue	what is granulation tissue	what is the significance of granulation tissue	granulated tissue is described as	what is a feature of granulation tissue	what layer of skin is granulation tissue	is granulation tissue vascular	granulation tissue is composed of clotted blood
1136043	difference between a hotel and motel	motel define	what is difference between hotel and hostel	what is definition of hotel	what s the difference between a bed and breakfast and a hotel	what is a hotel resort	what does hotel management mean	how many units does a hotel have	what kind of degree is there for hotel	what are hilton hotels	trends in the hotel industry
1136047	difference between a company s strategy and business model is	what is the difference between a business model and strategy	the differences between both a business strategy and a business model	what is a business model	what does business strategy mean	what is business strategy	what is company strategy	what are the main differences between overall business strategy and marketing strategy	define your company s corporate strategy	business strategy definition	what is the difference between corporate strategy functional strategy
1136962	why did the ancient egyptians call their land kemet or black land	land of egypt definition	what were the two lands of egypt known as	what was the name of the ancient egyptian soil	what tows lands in egypt	where did egyptians live	what language did the ancient egyptians use	what is the original name of egypt	what is the mountain in ancient egypt called	what are ancient egyptians known for	what does the term mesopotamia mean
118440	define bmt medical	what is bmt in medical terms	what is bmt	medical meaning for bmt for ent doctors	what does bmt stand for in blood work	what does lmt stand for in medical terms	what is bmt sandwich	can bmt be enjoyable	what is sdmt	does afrotc do bmt	what is the bvmt r test
121171	define etruscans	etruscans meaning	who were the etruscans	who were the etruscans ruled by	how did the etruscans influence the roman civilization	who set up the roman republic etruscans	which culture felt the most influence on its architecture from etruscan architecture	what do etruscan tombs tell us about etruscan life	define estrus	what are ethos	what is estrus
135802	definition of laudable	definition of lauds	what is the definition of wearily	shambles meaning	what is leachable	define unworthiness	lauric acid definition	what is a laun	grossly definition	launa meaning	what s the definition of insufferable
141630	describe how muscles and bones work together to produce movement	how do bones and muscles work together to produce movement	how do bones and muscles work together to allow movement	how skeletal muscles produce movement	briefly explain how muscles produce movement	how do muscles move bones	how bones and muscles work together to support movement training material	how do muscles and bones interact	how do bones muscles and joints work together	how do skeletal muscles cause bones to move	how the skeletal system move
156498	do google docs auto save	does google docs automatically save	how to disable autosave google docs	how to save as a docx	cant find auto saved files on word	can i use google doc to edit and save word file	how to retrieve autosaved documents	how do i recover auto saved word documents	why doesn t an excel document save	where does microsoft excel store autosave files	how to save work in office outlook 2007 automatically
169208	does mississippi have an income tax	what is the tax rate in mississippi	what is the average state tax for mississippi	what is tax rate in mississippi	does mississippi require state taxes to be paid on income from retirement accounts	mississippi state tax phone number	what is the tax on lottery winnings in mississippi	when is the tax free weekend in mississippi	what is the income limit for medicaid in mississippi	where s my mississippi state tax refund	if you old the state of mississippi for taxes how long do you have until you pay it back
174463	dog day afternoon meaning	what is a dog day	what does phrase dog days of summer mean	what does the dog days of summer mean	dog days of summer definition	what is dog days	what is the origin of the term dog days of summer	what is dog days of summer	when is dog days	what are the dog days of summer	how long is a dog day
23849	are naturalization records public information	how to research naturalization records	what is considered a public record	what is naturalization	what personal public data is available to individuals	where is my certificate of naturalization issued	what are naturalization papers	us naturalization process	what is the purpose of naturalization process	what is an example of a certified public record	does a person s will become public records after they die
258062	how long does it take to remove wisdom tooth	how long does it take to have wisdom teeth removed	how long does it take to recover from wisdom tooth removal	how long does it take to get wisdom teeth out	how long does wisdom teeth extraction surgery take	how long after wisdom teeth removal	how long does it take for a wisdom tooth to heal	how long does a wisdom tooth take to heal	how long does wisdom teeth surgery	how long does it take to have a wisdom tooth pulled	how long does it take to fully heal after wisdom teeth removal
324585	how much money do motivational speakers make	how much money does a speech therapist make	how much money does a speech therapist make a year	how much is a vocal coach	how much do radio presenters earn	how much money do hearing instrument specialists make	highest paid speakers in the world	most people would resist change motivational speaker	how much does a speech therapist make	how much does a performer make per year	how much do speech therapist make
330975	how much would it cost to install my own wind turbine	how much does it cost to install a wind turbine	cost of installing a wind turbine	what is the price to install a wind turbine	how much is a wind turbine cost installed	how much does it cost to build a wind turbine	how much does a wind turbine cost to build	how much does a wind turbine cost	how much does a wind turbine cost to put up	cost to install and maintain one wind turbine	how much do wind turbines cost
332593	how often to button quail lay eggs	how many eggs does a button quail lay	how long do quail lay eggs	how many eggs do quail lay a year	how many eggs can a quail try to hatch	how long to hatch quail eggs	quail eggs how long to hatch	how long do coturnix quail lay eggs	how long can you hold onto fertile quail eggs before incubating	how old are quails before they lay eggs	how long do quail eggs take to hatch
336901	how old is vanessa redgrave	how old is vanessa carlton	how old is amanda redman	is jemma redgrave related to vanessa redgrave	when is vanessa williams birthday	how old is jessica parker	how old is michelle williams	age of nicole kidman	how old is melia mcenery	how old is pharrell williams	how many people are named vanessa
390360	ia suffix meaning	define ia suffix	suffix iatry meaning	is iasis a suffix	what is the nickname of ia	what does the suffix ist means	what is the suffix meaning	what does suffix mean	what does suffix al mean	what is meaning of al suffix	define ias
405163	is caffeine an narcotic	is a narcotic a stimulant	is alcohol a narcotic	what is a narcotic substance	is ritalin a narcotic	is modafinil a narcotic	is opium a narcotic	is vicodin a narcotic	is dexedrine a narcotic	is acetaminophen a narcotic	is methadone a narcotic
42255	average salary for dental hygienist in nebraska	average wage dental hygienist	average wage of a dental hygienist	average salary of a dental hygienist	average income for dental hygienist	average dental hygienist salary in ohio	what is the average salary of a new dental hygienist	what is the average salary for a dental hygienist in north carolina	average starting salary for dental hygienist nationally	average salary for dental hygienist in oklahoma	dental hygienist salary a year
47210	average wedding dress alteration cost	average cost for wedding dress alterations	what is the average cost for wedding dress alterations	how much does it cost to have a wedding dress altered	what is the average cost of alterations for wedding dress	how much is wedding dress alterations	average cost wedding gown alterations	how much does it cost to alter a bridesmaid dress	what should dress alterations cost	what is the average cost for an alteration on a prom dress	average cost for prom dress alterations
555530	what are best foods to lower cholesterol	what are some good foods for lowering cholesterol	what foods help to lower cholesterol	what foods help lower cholesterol	what foods to eat to lower cholesterol levels	what foods do i eat to lower my cholesterol	what foods should i eat to help lower cholesterol	foods to eat to lower your cholesterol	what foods lower your cholesterol	what foods help reduce cholesterol	foods to eat to help lower your cholesterol
583468	what carvedilol used for	what is carvedilol prescribed for	patient reviews comparing carvedilol and metoprolol	is carvedilol a diuretic	does carvedilol tablets lower blood pressure	can tylenol be taken with carvedilol	does carvedilol affect blood sugar	does carvedilol affect your libido	what is winstrol used for	what drugs are used for heart block	what is verapamil hcl used for
640502	what does it mean if your tsh is low	what does it mean if my tsh is low	what happens if your tsh is low	what does low tsh indicate	what is low tsh mean	what medication cause tsh to be low	causes of critically low tsh	what happens when your tsh level is low in pregnancy	what would cause tsh levels to drop	can low tsh level cause fainting	what is normal for tsh
67316	can fever cause miscarriage early pregnancy	does pregnancy cause fever	is fever an early sign of pregnancy	is fever a symptom of pregnancy	is a fever normal during early pregnancy	what temperature fever is fine during pregnancy	which disease when contracted by a pregnant woman increases the risk of miscarriage	early miscarriage symptoms	symptoms miscarriage	why are miscarriages more likely to occur during the first trimester	causes of miscarriage in fourth trimester
673670	what is a alm	what is the giving of alms	what is hp alm	what is meaning of alcms	what is client alm	what is aams	what is abm	what is an afm	aam designation	what does alu stand for	what is wam
701453	what is a statutory deed	meaning of statutory deed	statutory warranty deed definition	what is a deed	define deed	what means deed	what does the deed mean	what is a statutory title	what is the definition of a deed	what does deed	what is a statutory
730539	what is chronometer who invented it	who was the chronometer developed by	who first invented the anemometer	thermometer when was it invented and by who	who invented the mercury barometer	what is a geochronometer	what year was the thermometer invented	why was the thermometer an important invention	who invented the electronic thermometer	when was the first thermometer invented	who invented the cooking thermometer
768208	what is mamey	definition of mame	what does mazy mean	what is mamegoma	where is mahoney beach	what type is mawile	mausi meaning	what rurality is makay	what does mame sofi mean name african	what is maalox	what is the meaning of mausi
877809	what metal are hip replacements made of	different types of hip replacements	types of materials used for total hip arthroplasty	different types of hip replacement joints	how do hip replacements heal	why do people need hip replacements	types of hip repair	what are the different types of total hip replacement	how do you repair a broken hip	what causes the need for hip replacement	what parts are replaced in a total hip
911232	what type of conflict does della face in o henry the gift of the magi	who wrote the short story gift of the magi	who is the main character in magi	was della and perry an item	what origin is the name della come from	the necklace and the gift of the magi compare and contrast essay	what was the conflict regarding pope gregory vii and king henry iv	what was the cause of conflict between henry iv and gregory vii	what is magpi	who was in charge in renaissance italy	define magi for taxes
914916	what type of tissue are bronchioles	what is the bronchioles	what type of tissue lines the bronchi and trachea	what is a bronchiole	what type of tissue is in the lungs	what bronchioles do	types of tissues in the lungs	are bronchi and bronchioles the same thing	do terminal bronchioles have mucous cells	how to distinguish between bronchi and bronchioles	what muscle is the lung attached to a bronchiole
938400	when did family feud come out	what network is the television show family feud on	what network is family feud on	who hosts the family feud	who originally hosted family feud	is family feud on netflix	who were the hosts of family feud	who is the host of family feud	number for family feud	what happens with children in family feuds	what network is feud on
940547	when did rock n roll begin	when did rock and roll begin	what is the date of rock n roll dc	what is rock n roll music	who sings rock and roll	when did rock music come out	what does rock and roll mean	what was the first year of rock music	who was the first king of rock and roll	who was the first band inducted into the rock n roll hall of fame	who is the king of rock n roll
997622	where is the show shameless filmed	when was the show shameless made	shameless is on what channel	what episode of shameless aired last night	how many seasons are in shameless	when does shameless return on showtime	how many seasons in shameless	when do new episodes of shameless air	when is the new season of shameless start	what network is shameless on	when does the new shameless season start
